scenario,mean_ms,median_ms,p95_ms,p99_ms,min_ms,max_ms
PERMIT,0.016065,0.014958,0.020042,0.029625,0.014125,0.773291
DENY,0.015712,0.014917,0.018875,0.028125,0.0145,0.387708
ESCALATE,0.015992,0.014959,0.019667,0.034209,0.014375,0.393875
